1541130436619,272.332,-38.1831,-20.0734,48
1541130436719,272.332,-38.1831,-20.0734,48
1541130436818,272.332,-38.1831,-20.0734,48
1541130436917,272.332,-38.1831,-20.0734,48
1541130437019,272.332,-38.1831,-20.0734,48
1541130437117,272.332,-38.1831,-20.0734,48
1541130437221,272.332,-38.1831,-20.0734,48
1541130437316,272.332,-38.1831,-20.0734,48
1541130437418,272.332,-38.1831,-20.0734,48
1541130437517,272.332,-38.1831,-20.0734,48
1541130437619,272.332,-38.1831,-20.0734,48
1541130437719,272.332,-38.1831,-20.0734,48
1541130437818,272.332,-38.1831,-20.0734,48
1541130437918,272.332,-38.1831,-20.0734,48
1541130438017,272.332,-38.1831,-20.0734,48
1541130438118,272.332,-38.1831,-20.0734,48
1541130438218,272.332,-38.1831,-20.0734,48
1541130438320,272.332,-38.1831,-20.0734,48
1541130438417,272.332,-38.1831,-20.0734,48
1541130438521,272.332,-38.1831,-20.0734,48
1541130438617,272.332,-38.1831,-20.0734,48
1541130438718,272.332,-38.1831,-20.0734,48
1541130438816,272.332,-38.1831,-20.0734,48
1541130438918,272.332,-38.1831,-20.0734,48
1541130439020,272.332,-38.1831,-20.0734,48
1541130439119,272.332,-38.1831,-20.0734,48
1541130439218,272.332,-38.1831,-20.0734,48
1541130439317,272.332,-38.1831,-20.0734,48
1541130439420,272.332,-38.1831,-20.0734,48
1541130439516,272.332,-38.1831,-20.0734,48
1541130439619,272.332,-38.1831,-20.0734,48
1541130439716,272.332,-38.1831,-20.0734,48
1541130439819,272.332,-38.1831,-20.0734,48
1541130439917,272.332,-38.1831,-20.0734,48
1541130440019,272.332,-38.1831,-20.0734,48
1541130440117,272.332,-38.1831,-20.0734,48
1541130440216,272.332,-38.1831,-20.0734,48
1541130440318,272.332,-38.1831,-20.0734,48
1541130440418,272.332,-38.1831,-20.0734,48
1541130440519,272.332,-38.1831,-20.0734,48
1541130440619,272.332,-38.1831,-20.0734,48
1541130440716,272.332,-38.1831,-20.0734,48
1541130440818,272.332,-38.1831,-20.0734,48
1541130440920,272.332,-38.1831,-20.0734,48
1541130441020,272.332,-38.1831,-20.0734,48
1541130441117,272.332,-38.1831,-20.0734,48
1541130441219,272.332,-38.1831,-20.0734,48
1541130441320,272.332,-38.1831,-20.0734,48
1541130441417,272.332,-38.1831,-20.0734,48
1541130441517,272.332,-38.1831,-20.0734,48
1541130441618,272.332,-38.1831,-20.0734,48
1541130441718,272.332,-38.1831,-20.0734,48
1541130441820,272.332,-38.1831,-20.0734,48
1541130441920,272.332,-38.1831,-20.0734,48
1541130442018,272.332,-38.1831,-20.0734,48
1541130442121,272.332,-38.1831,-20.0734,48
1541130442219,272.332,-38.1831,-20.0734,48
1541130442317,272.332,-38.1831,-20.0734,48
1541130442416,272.332,-38.1831,-20.0734,48
1541130442519,272.332,-38.1831,-20.0734,48
1541130442617,272.332,-38.1831,-20.0734,48
1541130442720,272.332,-38.1831,-20.0734,48
1541130442816,272.332,-38.1831,-20.0734,48
1541130442920,272.332,-38.1831,-20.0734,48
1541130443016,272.332,-38.1831,-20.0734,48
1541130443118,272.332,-38.1831,-20.0734,48
1541130443219,272.332,-38.1831,-20.0734,48
1541130443320,272.332,-38.1831,-20.0734,48
1541130443417,272.332,-38.1831,-20.0734,48
1541130443520,272.332,-38.1831,-20.0734,48
1541130443617,272.332,-38.1831,-20.0734,48
1541130443718,272.332,-38.1831,-20.0734,48
1541130443818,272.332,-38.1831,-20.0734,48
1541130443920,272.332,-38.1831,-20.0734,48
1541130444018,272.332,-38.1831,-20.0734,48
1541130444118,272.332,-38.1831,-20.0734,48
1541130444220,272.332,-38.1831,-20.0734,48
1541130444319,272.332,-38.1831,-20.0734,48
1541130444419,272.332,-38.1831,-20.0734,48
1541130444520,272.332,-38.1831,-20.0734,48
1541130444618,272.332,-38.1831,-20.0734,48
1541130444721,272.332,-38.1831,-20.0734,48
1541130444818,272.332,-38.1831,-20.0734,48
1541130444917,272.332,-38.1831,-20.0734,48
1541130445017,272.332,-38.1831,-20.0734,48
1541130445117,272.332,-38.1831,-20.0734,48
1541130445217,272.332,-38.1831,-20.0734,48
1541130445318,272.332,-38.1831,-20.0734,48
1541130445421,272.332,-38.1831,-20.0734,48
1541130445519,272.332,-38.1831,-20.0734,48
1541130445619,272.332,-38.1831,-20.0734,48
1541130445720,272.332,-38.1831,-20.0734,48
1541130445821,272.332,-38.1831,-20.0734,48
1541130445921,272.332,-38.1831,-20.0734,48
1541130446018,272.332,-38.1831,-20.0734,48
1541130446117,272.332,-38.1831,-20.0734,48
1541130446219,272.332,-38.1831,-20.0734,48
1541130446318,272.332,-38.1831,-20.0734,48
1541130446416,272.332,-38.1831,-20.0734,48
1541130446516,272.332,-38.1831,-20.0734,48
1541130446616,272.332,-38.1831,-20.0734,48
1541130446715,272.332,-38.1831,-20.0734,48
1541130446817,272.332,-38.1831,-20.0734,48
1541130446917,272.332,-38.1831,-20.0734,48
1541130447016,272.332,-38.1831,-20.0734,48
1541130447120,272.332,-38.1831,-20.0734,48
1541130447218,272.332,-38.1831,-20.0734,48
1541130447316,272.332,-38.1831,-20.0734,48
1541130447417,272.332,-38.1831,-20.0734,48
1541130447519,272.332,-38.1831,-20.0734,48
1541130447616,272.332,-38.1831,-20.0734,48
1541130447719,272.332,-38.1831,-20.0734,48
1541130447816,272.332,-38.1831,-20.0734,48
1541130447919,272.332,-38.1831,-20.0734,48
1541130448018,272.332,-38.1831,-20.0734,48
1541130448117,272.332,-38.1831,-20.0734,48
1541130448219,272.332,-38.1831,-20.0734,48
1541130448318,272.332,-38.1831,-20.0734,48
1541130448417,272.332,-38.1831,-20.0734,48
1541130448518,272.332,-38.1831,-20.0734,48
1541130448621,272.332,-38.1831,-20.0734,48
1541130448719,272.332,-38.1831,-20.0734,48
1541130448816,272.332,-38.1831,-20.0734,48
1541130448921,272.332,-38.1831,-20.0734,48
1541130449018,272.332,-38.1831,-20.0734,48
1541130449117,272.332,-38.1831,-20.0734,48
1541130449219,272.332,-38.1831,-20.0734,48
1541130449319,272.332,-38.1831,-20.0734,48
1541130449417,272.332,-38.1831,-20.0734,48
1541130449520,272.332,-38.1831,-20.0734,48
1541130449620,272.332,-38.1831,-20.0734,48
1541130449718,272.332,-38.1831,-20.0734,48
1541130449820,272.332,-38.1831,-20.0734,48
1541130449918,272.332,-38.1831,-20.0734,48
1541130450017,272.332,-38.1831,-20.0734,48
1541130450119,272.332,-38.1831,-20.0734,48
1541130450216,272.332,-38.1831,-20.0734,48
1541130450317,272.332,-38.1831,-20.0734,48
1541130450419,272.332,-38.1831,-20.0734,48
1541130450518,272.332,-38.1831,-20.0734,48
1541130450616,272.332,-38.1831,-20.0734,48
1541130450717,272.332,-38.1831,-20.0734,48
1541130450815,272.332,-38.1831,-20.0734,48
1541130450916,272.332,-38.1831,-20.0734,48
1541130451017,272.332,-38.1831,-20.0734,48
1541130451116,272.332,-38.1831,-20.0734,48
1541130451216,272.332,-38.1831,-20.0734,48
1541130451318,272.332,-38.1831,-20.0734,48
1541130451418,272.332,-38.1831,-20.0734,48
1541130451516,272.332,-38.1831,-20.0734,48
1541130451619,272.332,-38.1831,-20.0734,48
1541130451719,272.332,-38.1831,-20.0734,48
1541130451819,272.332,-38.1831,-20.0734,48
1541130451919,272.332,-38.1831,-20.0734,48
1541130452017,272.332,-38.1831,-20.0734,48
1541130452119,272.332,-38.1831,-20.0734,48
1541130452219,272.332,-38.1831,-20.0734,48
1541130452316,272.332,-38.1831,-20.0734,48
1541130452416,272.332,-38.1831,-20.0734,48
1541130452518,272.332,-38.1831,-20.0734,48
1541130452619,272.332,-38.1831,-20.0734,48
1541130452719,272.332,-38.1831,-20.0734,48
1541130452817,272.332,-38.1831,-20.0734,48
1541130452918,272.332,-38.1831,-20.0734,48
1541130453016,272.332,-38.1831,-20.0734,48
1541130453115,272.332,-38.1831,-20.0734,48
1541130453216,272.332,-38.1831,-20.0734,48
1541130453317,272.332,-38.1831,-20.0734,48
1541130453418,272.332,-38.1831,-20.0734,48
1541130453519,272.332,-38.1831,-20.0734,48
1541130453617,272.332,-38.1831,-20.0734,48
1541130453719,272.332,-38.1831,-20.0734,48
1541130453817,272.332,-38.1831,-20.0734,48
1541130453919,272.332,-38.1831,-20.0734,48
1541130454018,272.332,-38.1831,-20.0734,48
1541130454118,272.332,-38.1831,-20.0734,48
1541130454218,272.332,-38.1831,-20.0734,48
1541130454319,272.332,-38.1831,-20.0734,48
1541130454419,272.332,-38.1831,-20.0734,48
1541130454518,272.332,-38.1831,-20.0734,48
1541130454616,272.332,-38.1831,-20.0734,48
1541130454721,272.332,-38.1831,-20.0734,48
1541130454819,272.332,-38.1831,-20.0734,48
1541130454915,272.332,-38.1831,-20.0734,48
1541130455017,272.332,-38.1831,-20.0734,48
1541130455117,272.332,-38.1831,-20.0734,48
1541130455220,272.332,-38.1831,-20.0734,48
1541130455316,272.332,-38.1831,-20.0734,48
1541130455419,272.332,-38.1831,-20.0734,48
1541130455516,272.332,-38.1831,-20.0734,48
1541130455617,272.332,-38.1831,-20.0734,48
1541130455717,272.332,-38.1831,-20.0734,48
1541130455817,272.332,-38.1831,-20.0734,48
1541130455918,272.332,-38.1831,-20.0734,48
1541130456017,272.332,-38.1831,-20.0734,48
1541130456120,272.332,-38.1831,-20.0734,48
1541130456218,272.332,-38.1831,-20.0734,48
1541130456317,272.332,-38.1831,-20.0734,48
1541130456418,272.332,-38.1831,-20.0734,48
1541130456518,272.332,-38.1831,-20.0734,48
1541130456617,272.332,-38.1831,-20.0734,48
1541130456718,272.332,-38.1831,-20.0734,48
1541130456819,272.332,-38.1831,-20.0734,48
1541130456918,272.332,-38.1831,-20.0734,48
1541130457016,272.332,-38.1831,-20.0734,48
1541130457116,272.332,-38.1831,-20.0734,48
1541130457218,272.332,-38.1831,-20.0734,48
1541130457317,272.332,-38.1831,-20.0734,48
1541130457418,272.332,-38.1831,-20.0734,48
1541130457519,272.332,-38.1831,-20.0734,48
1541130457618,272.332,-38.1831,-20.0734,48
1541130457717,272.332,-38.1831,-20.0734,48
1541130457819,272.332,-38.1831,-20.0734,48
1541130457920,272.332,-38.1831,-20.0734,48
1541130458017,272.332,-38.1831,-20.0734,48
1541130458117,272.332,-38.1831,-20.0734,48
1541130458219,272.332,-38.1831,-20.0734,48
1541130458316,272.332,-38.1831,-20.0734,48
1541130458420,272.332,-38.1831,-20.0734,48
1541130458519,272.332,-38.1831,-20.0734,48
1541130458619,272.332,-38.1831,-20.0734,48
1541130458718,272.332,-38.1831,-20.0734,48
1541130458818,272.332,-38.1831,-20.0734,48
1541130458918,272.332,-38.1831,-20.0734,48
1541130459016,272.332,-38.1831,-20.0734,48
1541130459118,272.332,-38.1831,-20.0734,48
1541130459219,272.332,-38.1831,-20.0734,48
1541130459318,272.332,-38.1831,-20.0734,48
1541130459417,272.332,-38.1831,-20.0734,48
1541130459517,272.332,-38.1831,-20.0734,48
1541130459618,272.332,-38.1831,-20.0734,48
1541130459719,272.332,-38.1831,-20.0734,48
1541130459818,272.332,-38.1831,-20.0734,48
1541130459917,272.332,-38.1831,-20.0734,48
1541130460016,272.332,-38.1831,-20.0734,48
1541130460119,272.332,-38.1831,-20.0734,48
1541130460218,272.332,-38.1831,-20.0734,48
1541130460320,272.332,-38.1831,-20.0734,48
1541130460420,272.332,-38.1831,-20.0734,48
1541130460520,272.332,-38.1831,-20.0734,48
1541130460618,272.332,-38.1831,-20.0734,48
1541130460716,272.332,-38.1831,-20.0734,48
1541130460819,272.332,-38.1831,-20.0734,48
1541130460917,272.332,-38.1831,-20.0734,48
1541130461017,272.332,-38.1831,-20.0734,48
1541130461116,272.332,-38.1831,-20.0734,48
1541130461219,272.332,-38.1831,-20.0734,48
1541130461317,272.332,-38.1831,-20.0734,48
1541130461420,272.332,-38.1831,-20.0734,48
1541130461519,272.332,-38.1831,-20.0734,48
1541130461620,272.332,-38.1831,-20.0734,48
1541130461717,272.332,-38.1831,-20.0734,48
1541130461819,272.332,-38.1831,-20.0734,48
1541130461918,272.332,-38.1831,-20.0734,48
1541130462016,272.332,-38.1831,-20.0734,48
1541130462119,272.332,-38.1831,-20.0734,48
1541130462218,272.332,-38.1831,-20.0734,48
1541130462316,272.332,-38.1831,-20.0734,48
1541130462418,272.332,-38.1831,-20.0734,48
1541130462517,272.332,-38.1831,-20.0734,48
1541130462618,272.332,-38.1831,-20.0734,48
1541130462716,272.332,-38.1831,-20.0734,48
1541130462817,272.332,-38.1831,-20.0734,48
1541130462917,272.332,-38.1831,-20.0734,48
1541130463019,272.332,-38.1831,-20.0734,48
1541130463120,272.332,-38.1831,-20.0734,48
1541130463217,272.332,-38.1831,-20.0734,48
1541130463316,272.332,-38.1831,-20.0734,48
1541130463415,272.332,-38.1831,-20.0734,48
1541130463516,272.332,-38.1831,-20.0734,48
1541130463619,272.332,-38.1831,-20.0734,48
1541130463716,272.332,-38.1831,-20.0734,48
1541130463818,272.332,-38.1831,-20.0734,48
1541130463917,272.332,-38.1831,-20.0734,48
1541130464019,272.332,-38.1831,-20.0734,48
1541130464117,272.332,-38.1831,-20.0734,48
1541130464218,272.332,-38.1831,-20.0734,48
1541130464320,272.332,-38.1831,-20.0734,48
1541130464416,272.332,-38.1831,-20.0734,48
1541130464518,272.332,-38.1831,-20.0734,48
1541130464617,272.332,-38.1831,-20.0734,48
1541130464717,272.332,-38.1831,-20.0734,48
1541130464818,272.332,-38.1831,-20.0734,48
1541130464917,272.332,-38.1831,-20.0734,48
1541130465020,272.332,-38.1831,-20.0734,48
1541130465116,272.332,-38.1831,-20.0734,48
1541130465219,272.332,-38.1831,-20.0734,48
1541130465317,272.332,-38.1831,-20.0734,48
1541130465417,272.332,-38.1831,-20.0734,48
1541130465519,272.332,-38.1831,-20.0734,48
1541130465617,272.332,-38.1831,-20.0734,48
1541130465716,272.332,-38.1831,-20.0734,48
1541130465818,272.332,-38.1831,-20.0734,48
1541130465917,272.332,-38.1831,-20.0734,48
1541130466020,272.332,-38.1831,-20.0734,48
1541130466120,272.332,-38.1831,-20.0734,48
1541130466217,272.332,-38.1831,-20.0734,48
1541130466318,272.332,-38.1831,-20.0734,48
1541130466416,272.332,-38.1831,-20.0734,48
1541130466516,272.332,-38.1831,-20.0734,48
1541130466619,272.332,-38.1831,-20.0734,48
1541130466716,272.332,-38.1831,-20.0734,48
1541130466818,272.332,-38.1831,-20.0734,48
1541130466920,272.332,-38.1831,-20.0734,48
1541130467017,272.332,-38.1831,-20.0734,48
1541130467117,272.332,-38.1831,-20.0734,48
1541130467216,272.332,-38.1831,-20.0734,48
1541130467316,272.332,-38.1831,-20.0734,48
1541130467420,272.332,-38.1831,-20.0734,48
1541130467518,272.332,-38.1831,-20.0734,48
1541130467618,272.332,-38.1831,-20.0734,48
1541130467715,272.332,-38.1831,-20.0734,48
1541130467820,272.332,-38.1831,-20.0734,48
1541130467917,272.332,-38.1831,-20.0734,48
1541130468017,272.332,-38.1831,-20.0734,48
1541130468117,272.332,-38.1831,-20.0734,48
1541130468218,272.332,-38.1831,-20.0734,48
1541130468318,272.332,-38.1831,-20.0734,48
1541130468418,272.332,-38.1831,-20.0734,48
1541130468515,272.332,-38.1831,-20.0734,48
1541130468619,272.332,-38.1831,-20.0734,48
1541130468719,272.332,-38.1831,-20.0734,48
1541130468818,272.332,-38.1831,-20.0734,48
1541130468916,272.332,-38.1831,-20.0734,48
1541130469018,272.332,-38.1831,-20.0734,48
1541130469117,272.332,-38.1831,-20.0734,48
1541130469220,272.332,-38.1831,-20.0734,48
1541130469319,272.332,-38.1831,-20.0734,48
1541130469420,272.332,-38.1831,-20.0734,48
1541130469517,272.332,-38.1831,-20.0734,48
1541130469618,272.332,-38.1831,-20.0734,48
1541130469718,272.332,-38.1831,-20.0734,48
1541130469816,272.332,-38.1831,-20.0734,48
1541130469917,272.332,-38.1831,-20.0734,48
1541130470019,272.332,-38.1831,-20.0734,48
1541130470118,272.332,-38.1831,-20.0734,48
1541130470217,272.332,-38.1831,-20.0734,48
1541130470318,272.332,-38.1831,-20.0734,48
1541130470420,272.332,-38.1831,-20.0734,48
1541130470517,272.332,-38.1831,-20.0734,48
1541130470620,272.332,-38.1831,-20.0734,48
1541130470716,272.332,-38.1831,-20.0734,48
1541130470818,272.332,-38.1831,-20.0734,48
1541130470917,272.332,-38.1831,-20.0734,48
1541130471018,272.332,-38.1831,-20.0734,48
1541130471120,272.332,-38.1831,-20.0734,48
1541130471217,272.332,-38.1831,-20.0734,48
1541130471316,272.332,-38.1831,-20.0734,48
1541130471418,272.332,-38.1831,-20.0734,48
1541130471518,272.332,-38.1831,-20.0734,48
1541130471618,272.332,-38.1831,-20.0734,48
1541130471720,272.332,-38.1831,-20.0734,48
1541130471818,272.332,-38.1831,-20.0734,48
1541130471917,272.332,-38.1831,-20.0734,48
1541130472018,272.332,-38.1831,-20.0734,48
1541130472119,272.332,-38.1831,-20.0734,48
1541130472218,272.332,-38.1831,-20.0734,48
1541130472316,272.332,-38.1831,-20.0734,48
1541130472421,272.332,-38.1831,-20.0734,48
1541130472516,272.332,-38.1831,-20.0734,48
1541130472626,272.332,-38.1831,-20.0734,48
1541130472722,272.332,-38.1831,-20.0734,48
1541130472823,272.332,-38.1831,-20.0734,48
1541130472923,272.332,-38.1831,-20.0734,48
1541130473025,272.332,-38.1831,-20.0734,48
1541130473124,272.332,-38.1831,-20.0734,48
1541130473223,272.332,-38.1831,-20.0734,48
1541130473324,272.332,-38.1831,-20.0734,48
1541130473427,272.332,-38.1831,-20.0734,48
1541130473525,272.332,-38.1831,-20.0734,48
1541130473625,272.332,-38.1831,-20.0014,48
1541130473721,272.332,-38.1831,-19.5694,48
1541130473822,272.332,-38.1831,-18.4894,48
1541130473924,272.332,-38.1831,-16.8095,48
1541130474023,272.332,-38.1831,-14.5294,48
1541130474117,272.332,-38.1831,-11.6734,48
1541130474218,272.332,-38.1831,-8.67342,48
1541130474318,272.332,-38.1831,-5.67338,48
1541130474417,272.332,-38.1831,-2.67338,48
1541130474517,272.332,-38.1831,0.326584,48
1541130474618,272.332,-38.1831,3.32658,48
1541130474719,272.332,-38.1831,6.32658,48
1541130474815,272.332,-38.1831,9.32659,48
1541130474918,272.332,-38.1831,12.3266,48
1541130475018,272.332,-38.1831,15.3266,48
1541130475119,272.332,-38.1831,18.3266,48
1541130475217,272.332,-38.1831,21.3266,48
1541130475317,272.332,-38.1831,24.3266,48
1541130475418,272.332,-38.1831,27.3266,48
1541130475517,272.332,-38.1831,30.3265,48
1541130475618,272.332,-38.1831,33.3265,48
1541130475724,272.332,-38.1831,36.3265,48
1541130475824,272.332,-38.1831,39.3265,48
1541130475917,272.332,-38.1831,42.3264,48
1541130476016,272.332,-38.1831,45.3264,48
1541130476125,272.332,-38.1831,48.3024,48
1541130476223,272.332,-38.1831,50.8224,48
1541130476322,272.332,-38.1831,52.7424,48
1541130476424,272.332,-38.1831,54.0624,48
1541130476525,272.332,-38.1831,54.8544,48
1541130476624,272.332,-38.1831,54.9263,48
1541130476721,272.332,-38.1831,54.9263,48
1541130476822,272.332,-38.1831,54.8543,48
1541130476922,272.332,-38.1831,54.2543,48
1541130477025,272.332,-38.1831,53.0543,48
1541130477124,272.332,-38.1831,51.2543,48
1541130477226,272.332,-38.1831,48.3023,48
1541130477324,272.332,-38.1831,45.9263,48
1541130477417,272.332,-38.1831,42.9263,48
1541130477517,272.332,-38.1831,39.9263,48
1541130477619,272.332,-38.1831,36.9263,48
1541130477719,272.332,-38.1831,33.9263,48
1541130477818,272.332,-38.1831,30.9263,48
1541130477918,272.332,-38.1831,27.9263,48
1541130478018,272.332,-38.1831,24.9263,48
1541130478118,272.332,-38.1831,21.9264,48
1541130478217,272.332,-38.1831,18.9264,48
1541130478327,272.332,-38.1831,15.9264,48
1541130478427,272.332,-38.1831,12.3264,48
1541130478526,272.332,-38.1831,9.68638,48
1541130478622,272.332,-38.1831,8.00639,48
1541130478724,272.332,-38.1831,6.44639,48
1541130478823,272.332,-38.1831,5.4864,48
1541130478919,272.332,-38.1831,5.12636,48
1541130479017,272.332,-38.1831,5.12636,48
1541130479120,272.332,-38.1831,5.12636,48
1541130479220,272.332,-38.1831,5.12636,48
1541130479319,272.332,-38.1831,5.12636,48
1541130479423,272.332,-38.1831,5.12636,48
1541130479524,272.332,-38.1831,5.12636,48
1541130479623,272.332,-38.1831,5.12636,48
1541130479723,272.332,-38.1831,5.12636,48
1541130479824,272.332,-38.1831,5.12636,48
1541130479927,272.332,-38.1831,5.12636,48
1541130480026,272.332,-38.1831,5.12636,48
1541130480125,272.332,-38.1831,5.12636,48
1541130480223,272.332,-38.1831,5.12636,48
1541130480325,272.092,-38.1831,5.12635,48
1541130480425,271.012,-38.1831,5.12631,48
1541130480527,269.452,-38.1831,5.12634,48
1541130480623,267.772,-38.1831,5.12633,48
1541130480722,265.132,-38.1831,5.12633,48
1541130480825,261.604,-38.1831,5.12633,48
1541130480924,259.636,-38.1831,5.12634,48
1541130481024,257.716,-38.1831,5.12633,48
1541130481124,256.396,-38.183,5.12631,48
1541130481217,255.676,-38.183,5.12634,48
1541130481318,255.532,-38.183,5.12633,48
1541130481416,255.532,-38.183,5.12634,48
1541130481518,255.532,-38.183,5.12633,48
1541130481619,255.532,-38.183,5.12634,48
1541130481717,255.532,-38.183,5.12633,48
1541130481817,255.532,-38.183,5.12634,48
1541130481926,255.532,-38.183,5.12634,48
1541130482018,255.532,-38.183,5.12634,48
1541130482118,255.532,-38.183,5.12633,48
1541130482218,255.532,-38.183,5.12634,48
1541130482317,255.532,-38.183,5.12633,48
1541130482418,255.532,-38.183,5.12634,48
1541130482517,255.532,-38.183,5.12633,48
1541130482618,255.532,-38.183,5.12634,48
1541130482718,255.532,-38.183,5.12633,48
1541130482815,255.532,-38.183,5.12634,48
1541130482916,255.532,-38.183,5.12633,48
1541130483020,255.532,-38.183,5.12634,48
1541130483123,255.532,-38.183,5.12633,48
1541130483225,255.532,-38.183,5.12633,48
1541130483322,255.292,-38.183,5.12633,48
1541130483423,254.452,-38.183,5.12636,48
1541130483522,253.012,-38.183,5.12635,48
1541130483624,250.972,-38.183,5.12635,48
1541130483717,248.332,-38.183,5.12637,48
1541130483821,245.356,-38.183,5.1264,48
1541130483922,242.836,-38.183,5.12638,48
1541130484026,240.604,-38.183,5.12634,48
1541130484124,239.596,-38.183,5.1263,48
1541130484227,238.805,-38.183,5.12621,48
1541130484327,238.733,-38.183,5.12622,48
1541130484418,238.733,-38.183,5.12622,48
1541130484516,238.733,-38.183,5.12622,48
1541130484619,238.733,-38.183,5.12622,48
1541130484724,238.733,-38.183,5.12622,48
1541130484823,238.733,-38.183,5.12622,48
1541130484926,238.661,-38.183,5.12621,48
1541130485024,238.229,-38.183,5.12614,48
1541130485124,237.149,-38.1831,5.1261,48
1541130485223,235.469,-38.1831,5.12607,48
1541130485322,233.189,-38.183,5.12605,48
1541130485422,230.333,-38.183,5.12604,48
1541130485524,227.333,-38.1831,5.12598,48
1541130485624,224.573,-38.183,5.126,48
1541130485724,222.413,-38.183,5.12599,48
1541130485823,220.853,-38.1831,5.12594,48
1541130485916,219.893,-38.183,5.12589,48
1541130486021,219.533,-38.183,5.12588,48
1541130486117,219.533,-38.183,5.12588,48
1541130486217,219.533,-38.183,5.12588,48
1541130486317,219.533,-38.183,5.12588,48
1541130486418,219.533,-38.183,5.12588,48
1541130486518,219.533,-38.183,5.12588,48
1541130486619,219.533,-38.183,5.12588,48
1541130486717,219.533,-38.183,5.12588,48
1541130486819,219.533,-38.183,5.12588,48
1541130486918,219.533,-38.183,5.12588,48
1541130487019,219.533,-38.183,5.12588,48
1541130487117,219.533,-38.183,5.12588,48
1541130487227,219.533,-38.183,5.12588,48
1541130487324,219.533,-38.183,5.12588,48
1541130487427,219.533,-38.183,5.12588,48
1541130487523,219.461,-38.183,5.12589,48
1541130487621,218.861,-38.1831,5.12588,48
1541130487726,217.661,-38.183,5.12587,48
1541130487824,215.861,-38.183,5.12585,48
1541130487916,213.461,-38.183,5.12583,48
1541130488017,210.533,-38.183,5.12582,48
1541130488118,207.533,-38.183,5.12585,48
1541130488216,204.533,-38.183,5.12585,48
1541130488318,201.533,-38.183,5.12585,48
1541130488419,198.533,-38.183,5.12586,48
1541130488519,195.533,-38.183,5.12587,48
1541130488620,192.533,-38.1831,5.12585,48
1541130488718,189.533,-38.183,5.12589,48
1541130488819,186.533,-38.183,5.12591,48
1541130488920,183.533,-38.183,5.12593,48
1541130489017,180.533,-38.183,5.12597,48
1541130489118,177.533,-38.183,5.12601,48
1541130489217,174.533,-38.183,5.12601,48
1541130489318,171.533,-38.183,5.12603,48
1541130489417,168.533,-38.183,5.12605,48
1541130489517,165.532,-38.183,5.12611,48
1541130489618,162.532,-38.183,5.12612,48
1541130489715,159.532,-38.183,5.12616,48
1541130489820,156.532,-38.183,5.12619,48
1541130489923,153.556,-38.183,5.12624,48
1541130490023,151.036,-38.183,5.12627,48
1541130490124,149.116,-38.183,5.1263,48
1541130490223,147.796,-38.183,5.12631,48
1541130490323,147.076,-38.183,5.12633,48
1541130490418,146.932,-38.183,5.12634,48
1541130490516,146.932,-38.183,5.12634,48
1541130490619,146.932,-38.183,5.12634,48
1541130490717,146.932,-38.183,5.12634,48
1541130490819,146.932,-38.183,5.12634,48
1541130490920,146.932,-38.183,5.12634,48
1541130491017,146.932,-38.183,5.12634,48
1541130491118,146.932,-38.183,5.12634,48
1541130491220,146.932,-38.183,5.12634,48
1541130491316,146.932,-38.183,5.12634,48
1541130491415,146.932,-38.183,5.12634,48
1541130491520,146.932,-38.183,5.12634,48
1541130491615,146.932,-38.183,5.12634,48
1541130491720,146.932,-38.183,5.12634,48
1541130491816,146.932,-38.183,5.12634,48
1541130491916,146.932,-38.183,5.12634,48
1541130492018,146.932,-38.183,5.12634,48
1541130492119,146.932,-38.183,5.12634,48
1541130492221,146.932,-38.183,5.12634,48
1541130492321,146.932,-38.183,5.12634,48
1541130492423,146.932,-38.183,5.12634,48
1541130492527,146.692,-38.183,5.12639,48
1541130492628,145.612,-38.183,5.12643,48
1541130492724,144.412,-38.183,5.12646,48
1541130492822,142.372,-38.183,5.12648,48
1541130492916,139.732,-38.183,5.1265,48
1541130493018,136.732,-38.183,5.12651,48
1541130493119,133.732,-38.183,5.12654,48
1541130493221,130.732,-38.183,5.12656,48
1541130493321,127.732,-38.183,5.12659,48
1541130493423,124.732,-38.183,5.12662,48
1541130493525,121.804,-38.183,5.12668,48
1541130493627,121.804,-38.183,5.12668,48
1541130493723,121.804,-38.183,5.12668,48
1541130493828,121.804,-38.183,5.12668,48
1541130493916,121.804,-38.183,5.12668,48
1541130494015,121.804,-38.183,5.12668,48
1541130494126,121.804,-38.183,5.12668,48
1541130494227,121.804,-38.183,5.12668,48
1541130494326,121.804,-38.183,5.12668,48
1541130494423,121.804,-38.183,5.12668,48
1541130494522,121.804,-38.183,5.12668,48
1541130494623,121.804,-38.183,5.12668,48
1541130494723,121.804,-38.183,5.12668,48
1541130494818,121.804,-38.183,5.12668,48
1541130494924,121.804,-38.183,5.12668,48
1541130495024,121.804,-38.183,5.12668,48
1541130495127,121.804,-38.183,5.12668,48
1541130495224,121.804,-38.183,5.12668,48
1541130495324,121.804,-38.183,5.12668,48
1541130495422,121.804,-38.183,5.12668,48
1541130495523,121.804,-38.183,5.12668,48
1541130495624,121.876,-38.183,5.12669,48
1541130495724,122.476,-38.183,5.12672,48
1541130495824,123.677,-38.183,5.12679,48
1541130495916,125.477,-38.1831,5.12679,48
1541130496019,127.877,-38.1831,5.12679,48
1541130496118,130.805,-38.1831,5.1268,48
1541130496218,133.805,-38.1831,5.12682,48
1541130496317,136.805,-38.1831,5.12686,48
1541130496420,139.805,-38.1831,5.12689,48
1541130496518,142.805,-38.1831,5.12692,48
1541130496616,145.805,-38.1831,5.12692,48
1541130496718,148.805,-38.1832,5.12695,48
1541130496819,151.805,-38.1831,5.12698,48
1541130496916,154.805,-38.1831,5.127,48
1541130497019,157.805,-38.1831,5.127,48
1541130497117,160.805,-38.1831,5.12706,48
1541130497220,163.805,-38.1831,5.1271,48
1541130497318,166.805,-38.1831,5.12711,48
1541130497419,169.805,-38.1831,5.12715,48
1541130497518,172.805,-38.1831,5.12717,48
1541130497617,175.805,-38.1831,5.12723,48
1541130497719,178.806,-38.1831,5.12726,48
1541130497818,181.805,-38.1831,5.1273,48
1541130497916,184.806,-38.1831,5.12735,48
1541130498019,187.806,-38.1831,5.12739,48
1541130498120,190.806,-38.1831,5.12739,48
1541130498217,193.806,-38.1831,5.1274,48
1541130498320,196.806,-38.1831,5.1274,48
1541130498419,199.806,-38.1831,5.12739,48
1541130498518,202.806,-38.1831,5.12741,48
1541130498619,205.806,-38.1831,5.1274,48
1541130498717,208.806,-38.1831,5.12739,48
1541130498821,211.806,-38.1831,5.12738,48
1541130498917,214.806,-38.1831,5.12738,48
1541130499025,218.406,-38.1831,5.12738,48
1541130499127,220.782,-38.1831,5.12738,48
1541130499224,223.302,-38.1831,5.12735,48
1541130499327,225.222,-38.1831,5.1273,48
1541130499424,226.542,-38.1831,5.12727,48
1541130499523,227.262,-38.1831,5.12724,48
1541130499623,227.406,-38.1831,5.12723,48
1541130499725,227.406,-38.1831,5.12723,48
1541130499822,227.406,-38.1831,5.12723,48
1541130499925,227.406,-38.1831,5.12723,48
1541130500027,227.406,-38.1831,5.12723,48
1541130500125,227.406,-38.1831,5.12723,48
1541130500225,227.43,-38.1831,5.12724,48
1541130500323,227.91,-38.1831,5.12724,48
1541130500426,229.279,-38.1831,5.12721,48
1541130500525,231.079,-38.1831,5.12718,48
1541130500623,232.951,-38.1831,5.12719,48
1541130500726,236.407,-38.1831,5.12717,48
1541130500825,238.807,-38.1831,5.12714,48
1541130500916,241.807,-38.1831,5.12715,48
1541130501015,244.807,-38.1831,5.12717,48
1541130501118,247.807,-38.1831,5.12718,48
1541130501219,250.807,-38.1831,5.12719,48
1541130501317,253.807,-38.1831,5.12718,48
1541130501418,256.807,-38.1831,5.12717,48
1541130501517,259.807,-38.1831,5.1272,48
1541130501620,262.807,-38.1831,5.1272,48
1541130501717,265.807,-38.1831,5.1272,48
1541130501821,268.807,-38.1831,5.12725,48
1541130501917,271.807,-38.1831,5.12725,48
1541130502017,274.807,-38.1831,5.12732,48
1541130502116,277.807,-38.1831,5.12732,48
1541130502218,280.807,-38.183,5.12737,48
1541130502318,283.807,-38.183,5.12739,48
1541130502417,286.807,-38.183,5.12741,48
1541130502524,289.807,-38.1831,5.12741,48
1541130502623,292.807,-38.183,5.12744,48
1541130502726,296.407,-38.183,5.12747,48
1541130502822,298.567,-38.183,5.12749,48
1541130502925,300.727,-38.183,5.12749,48
1541130503024,302.287,-38.183,5.12752,48
1541130503124,303.247,-38.183,5.12754,48
1541130503218,303.607,-38.183,5.12758,48
1541130503317,303.607,-38.183,5.12759,48
1541130503414,303.607,-38.183,5.12759,48
1541130503519,303.607,-38.183,5.12759,48
1541130503617,303.607,-38.183,5.12759,48
1541130503717,303.607,-38.183,5.12759,48
1541130503818,303.607,-38.183,5.12759,48
1541130503917,303.607,-38.183,5.12759,48
1541130504019,303.607,-38.183,5.12759,48
1541130504117,303.607,-38.183,5.12759,48
1541130504217,303.607,-38.183,5.12759,48
1541130504318,303.607,-38.183,5.12759,48
1541130504417,303.607,-38.183,5.12759,48
1541130504519,303.607,-38.183,5.12759,48
1541130504617,303.607,-38.183,5.12759,48
1541130504717,303.607,-38.183,5.12759,48
1541130504817,303.607,-38.183,5.12759,48
1541130504924,303.607,-38.183,5.12759,48
1541130505025,303.607,-38.183,5.12759,48
1541130505124,303.607,-38.183,5.12759,48
1541130505226,303.607,-38.183,5.12759,48
1541130505326,303.607,-38.183,5.12759,48
1541130505423,303.607,-38.183,5.12759,48
1541130505523,303.607,-38.255,5.12758,48
1541130505622,303.607,-38.855,5.12754,48
1541130505725,303.607,-40.367,5.12749,48
1541130505822,303.607,-41.855,5.1275,48
1541130505927,303.607,-44.807,5.12751,48
1541130506023,303.607,-47.111,5.12753,48
1541130506127,303.607,-49.511,5.12749,48
1541130506223,303.607,-51.311,5.1275,48
1541130506323,303.607,-52.511,5.12749,48
1541130506419,303.607,-53.111,5.12749,48
1541130506519,303.607,-53.159,5.12749,48
1541130506619,303.607,-53.159,5.12745,48
1541130506716,303.607,-53.159,5.12745,48
1541130506816,303.607,-53.159,5.12745,48
1541130506916,303.607,-53.159,5.12745,48
1541130507017,303.607,-53.159,5.12745,48
1541130507117,303.607,-53.159,5.12745,48
1541130507218,303.607,-53.159,5.12745,48
1541130507318,303.607,-53.159,5.12745,48
1541130507418,303.607,-53.159,5.12745,48
1541130507517,303.607,-53.159,5.12745,48
1541130507618,303.607,-53.159,5.12745,48
1541130507717,303.607,-53.159,5.12745,48
1541130507820,303.607,-53.159,5.12745,48
1541130507917,303.607,-53.159,5.12745,48
1541130508020,303.607,-53.159,5.12745,48
1541130508116,303.607,-53.159,5.12745,48
1541130508217,303.607,-53.159,5.12745,48
1541130508317,303.607,-53.159,5.12745,48
1541130508418,303.607,-53.159,5.12745,48
1541130508517,303.607,-53.159,5.12745,48
1541130508617,303.607,-53.159,5.12745,48
1541130508716,303.607,-53.159,5.12745,48
1541130508820,303.607,-53.159,5.12745,48
1541130508919,303.607,-53.159,5.12745,48
1541130509021,303.607,-53.159,5.12745,48
1541130509118,303.607,-53.159,5.12745,48
1541130509224,303.607,-53.159,5.12745,48
1541130509322,303.607,-53.159,5.12745,48
1541130509424,303.607,-53.159,5.12745,48
1541130509526,303.607,-53.159,5.12745,48
1541130509623,303.607,-53.3989,5.12745,48
1541130509727,303.607,-54.2389,5.12748,48
1541130509824,303.607,-55.6789,5.12749,48
1541130509916,303.607,-57.7189,5.12748,48
1541130510016,303.607,-60.3589,5.1275,48
1541130510117,303.607,-63.3589,5.12753,48
1541130510217,303.607,-66.3589,5.12749,48
1541130510325,303.607,-69.3589,5.12752,48
1541130510423,303.607,-72.3589,5.1275,48
1541130510525,303.607,-75.2868,5.1275,48
1541130510622,303.607,-77.6869,5.12751,48
1541130510725,303.607,-79.4869,5.12758,48
1541130510817,303.607,-80.6869,5.1276,48
1541130510919,303.607,-81.2869,5.12763,48
1541130511019,303.607,-81.3589,5.12764,48
1541130511116,303.607,-81.3589,5.12764,48
1541130511217,303.607,-81.3589,5.12764,48
1541130511320,303.607,-81.3589,5.12764,48
1541130511418,303.607,-81.3589,5.12764,48
1541130511517,303.607,-81.3589,5.12764,48
1541130511619,303.607,-81.3589,5.12764,48
1541130511719,303.607,-81.3589,5.12764,48
1541130511816,303.607,-81.3589,5.12764,48
1541130511919,303.607,-81.3589,5.12764,48
1541130512017,303.607,-81.3589,5.12764,48
1541130512119,303.607,-81.3589,5.12764,48
1541130512216,303.607,-81.3589,5.12764,48
1541130512320,303.607,-81.3589,5.12764,48
1541130512420,303.607,-81.3589,5.12764,48
1541130512518,303.607,-81.3589,5.12764,48
1541130512618,303.607,-81.3589,5.12764,48
1541130512718,303.607,-81.3589,5.12764,48
1541130512816,303.607,-81.3589,5.12764,48
1541130512919,303.607,-81.3589,5.12764,48
1541130513023,303.607,-81.3589,5.12764,48
1541130513123,303.607,-81.3589,5.12764,48
1541130513223,303.607,-81.3589,5.12764,48
1541130513322,303.607,-81.3589,5.12764,48
1541130513424,303.607,-81.3589,5.12764,48
1541130513518,303.607,-81.3589,5.12764,48
1541130513617,303.607,-81.3589,5.12764,48
1541130513717,303.607,-81.3589,5.12764,48
1541130513817,303.607,-81.3589,5.12764,48
1541130513917,303.607,-81.3589,5.12764,48
1541130514016,303.607,-81.3589,5.12764,48
1541130514117,303.607,-81.3589,5.12764,48
1541130514219,303.607,-81.3589,5.12764,48
1541130514325,303.607,-81.3589,5.12764,48
1541130514423,303.607,-81.3589,5.12764,48
1541130514525,303.607,-81.3589,5.12764,48
1541130514623,303.607,-81.3829,5.12766,48
1541130514723,303.607,-81.8628,5.12767,48
1541130514822,303.607,-82.9428,5.1277,48
1541130514916,303.607,-84.6228,5.12772,48
1541130515018,303.607,-86.9028,5.12774,48
1541130515117,303.607,-89.7588,5.12775,48
1541130515222,303.607,-92.7588,5.12778,48
1541130515319,303.607,-95.7588,5.12779,48
1541130515418,303.607,-98.7588,5.12779,48
1541130515517,303.607,-101.759,5.1278,48
1541130515616,303.607,-104.759,5.12785,48
1541130515720,303.607,-107.759,5.12787,48
1541130515820,303.607,-110.759,5.12786,48
1541130515918,303.607,-113.759,5.12786,48
1541130516017,303.607,-116.759,5.12785,48
1541130516120,303.608,-119.759,5.12785,48
1541130516217,303.607,-122.759,5.12788,48
1541130516321,303.608,-125.759,5.12791,48
1541130516420,303.608,-128.759,5.12794,48
1541130516526,303.608,-132.359,5.12795,48
1541130516623,303.608,-134.759,5.12799,48
1541130516724,303.608,-137.687,5.12798,48
1541130516816,303.608,-140.087,5.12799,48
1541130516918,303.608,-141.887,5.12802,48
1541130517016,303.608,-143.087,5.128,48
1541130517117,303.608,-143.687,5.12802,48
1541130517218,303.608,-143.759,5.12802,48
1541130517318,303.608,-143.759,5.12802,48
1541130517420,303.608,-143.759,5.12802,48
1541130517519,303.608,-143.759,5.12802,48
1541130517619,303.608,-143.759,5.12802,48
1541130517717,303.608,-143.759,5.12802,48
1541130517820,303.608,-143.759,5.12802,48
1541130517920,303.608,-143.759,5.12802,48
1541130518016,303.608,-143.759,5.12802,48
1541130518118,303.608,-143.759,5.12802,48
1541130518220,303.608,-143.759,5.12802,48
1541130518317,303.608,-143.759,5.12802,48
1541130518417,303.608,-143.759,5.12802,48
1541130518518,303.608,-143.759,5.12802,48
1541130518618,303.608,-143.759,5.12802,48
1541130518717,303.608,-143.759,5.12802,48
1541130518819,303.608,-143.759,5.12802,48
1541130518918,303.608,-143.759,5.12802,48
1541130519020,303.608,-143.759,5.12802,48
1541130519117,303.608,-143.759,5.12802,48
1541130519221,303.608,-143.759,5.12802,48
1541130519324,303.608,-143.759,5.12802,48
1541130519424,303.608,-143.759,5.12802,48
1541130519526,303.608,-143.759,5.12802,48
1541130519622,303.608,-143.759,5.12802,48
1541130519726,303.608,-143.759,5.12802,48
1541130519824,303.608,-143.759,5.12802,48
1541130519927,303.608,-143.759,5.12802,48
1541130520023,303.608,-143.759,5.12802,48
1541130520124,303.608,-143.759,5.12802,48
1541130520217,303.608,-143.759,5.12802,48
1541130520319,303.608,-143.759,5.12802,48
1541130520418,303.608,-143.759,5.12802,48
1541130520527,303.608,-143.759,5.12802,48
1541130520624,303.608,-143.759,5.12802,48
1541130520723,303.608,-143.759,5.12802,48
1541130520823,303.608,-143.759,5.12802,48
1541130520926,303.752,-143.759,5.12799,48
1541130521026,304.472,-143.759,5.12798,48
1541130521126,305.792,-143.759,5.12794,48
1541130521221,307.28,-143.759,5.12796,48
1541130521326,307.28,-143.759,5.12796,48
1541130521422,307.28,-143.759,5.12796,48
1541130521523,307.28,-143.759,5.12796,48
1541130521626,307.28,-143.759,5.12796,48
1541130521726,307.28,-143.759,5.12796,48
1541130521825,307.28,-143.759,5.12796,48
1541130521922,307.28,-143.759,5.12796,48
1541130522024,307.256,-143.759,5.12795,48
1541130522124,306.776,-143.759,5.12792,48
1541130522223,305.696,-143.759,5.12785,48
1541130522323,304.016,-143.759,5.12783,48
1541130522427,301.208,-143.759,5.12787,48
1541130522526,298.28,-143.759,5.12789,48
1541130522622,295.952,-143.759,5.12788,48
1541130522723,293.552,-143.759,5.12785,48
1541130522823,291.752,-143.759,5.12785,48
1541130522925,290.384,-143.759,5.12786,48
1541130523025,289.952,-143.759,5.12788,48
1541130523123,289.88,-143.759,5.12787,48
1541130523224,289.88,-143.759,5.12787,48
1541130523316,289.88,-143.759,5.12787,48
1541130523428,289.88,-143.759,5.12787,48
1541130523523,289.88,-143.759,5.12787,48
1541130523622,289.88,-143.759,5.12787,48
1541130523726,289.88,-143.759,5.12787,48
1541130523824,289.856,-143.759,5.12786,48
1541130523926,289.376,-143.759,5.12785,48
1541130524023,288.296,-143.759,5.12787,48
1541130524124,286.615,-143.759,5.12786,48
1541130524226,284.335,-143.759,5.12785,48
1541130524316,281.479,-143.759,5.12786,48
1541130524415,278.479,-143.759,5.12784,48
1541130524518,275.479,-143.759,5.12789,48
1541130524618,272.479,-143.759,5.12791,48
1541130524716,269.479,-143.759,5.12787,48
1541130524816,266.479,-143.759,5.12784,48
1541130524917,263.479,-143.759,5.12786,48
1541130525016,260.479,-143.759,5.12785,48
1541130525117,257.479,-143.759,5.12788,48
1541130525219,254.479,-143.759,5.12786,48
1541130525318,251.479,-143.759,5.12785,48
1541130525419,248.478,-143.759,5.12783,48
1541130525517,245.478,-143.759,5.12785,48
1541130525618,242.478,-143.759,5.12785,48
1541130525718,239.478,-143.759,5.12787,48
1541130525818,236.478,-143.759,5.12785,48
1541130525917,233.478,-143.759,5.12785,48
1541130526015,230.478,-143.759,5.12785,48
1541130526117,227.478,-143.759,5.12785,48
1541130526218,224.478,-143.759,5.12785,48
1541130526318,221.478,-143.759,5.12787,48
1541130526419,218.478,-143.759,5.12787,48
1541130526517,215.478,-143.759,5.12787,48
1541130526620,212.478,-143.759,5.12787,48
1541130526718,209.478,-143.759,5.12788,48
1541130526817,206.478,-143.759,5.12793,48
1541130526926,202.878,-143.759,5.12794,48
1541130527025,200.501,-143.759,5.12793,48
1541130527124,197.982,-143.759,5.1279,48
1541130527222,196.061,-143.759,5.12788,48
1541130527323,194.741,-143.759,5.12785,48
1541130527425,194.021,-143.759,5.12781,48
1541130527524,193.901,-143.759,5.12779,48
1541130527623,194.381,-143.759,5.1278,48
1541130527723,195.461,-143.759,5.12776,48
1541130527822,197.141,-143.759,5.12774,48
1541130527923,199.421,-143.759,5.12775,48
1541130528023,202.277,-143.759,5.12777,48
1541130528116,205.277,-143.759,5.12776,48
1541130528218,208.277,-143.759,5.12779,48
1541130528321,211.277,-143.759,5.12778,48
1541130528419,214.277,-143.759,5.12779,48
1541130528517,217.277,-143.759,5.12778,48
1541130528620,220.277,-143.759,5.12778,48
1541130528718,223.277,-143.759,5.12782,48
1541130528818,226.277,-143.759,5.12783,48
1541130528919,229.277,-143.759,5.12785,48
1541130529018,232.277,-143.759,5.12784,48
1541130529119,235.277,-143.759,5.12784,48
1541130529219,238.277,-143.759,5.12782,48
1541130529317,241.277,-143.759,5.12783,48
1541130529417,244.277,-143.759,5.12785,48
1541130529518,247.277,-143.759,5.12783,48
1541130529616,250.277,-143.759,5.12785,48
1541130529718,253.277,-143.759,5.12781,48
1541130529819,256.277,-143.759,5.12782,48
1541130529927,259.877,-143.759,5.1278,48
1541130530027,262.877,-143.759,5.12781,48
1541130530127,265.517,-143.759,5.12781,48
1541130530225,267.557,-143.759,5.1278,48
1541130530322,268.757,-143.759,5.12781,48
1541130530428,269.837,-143.758,5.1278,48
1541130530525,270.077,-143.758,5.12782,48
1541130530627,269.717,-143.758,5.12787,48
1541130530724,268.997,-143.758,5.12784,48
1541130530818,267.557,-143.758,5.12786,48
1541130530917,265.517,-143.758,5.12786,48
1541130531018,262.877,-143.758,5.12785,48
1541130531117,259.876,-143.758,5.12788,48
1541130531218,256.876,-143.758,5.12788,48
1541130531316,253.876,-143.758,5.12791,48
1541130531418,250.876,-143.758,5.12793,48
1541130531519,247.876,-143.758,5.12791,48
1541130531617,244.876,-143.758,5.1279,48
1541130531719,241.876,-143.758,5.12794,48
1541130531816,238.876,-143.758,5.12793,48
1541130531921,235.876,-143.758,5.12794,48
1541130532017,232.876,-143.758,5.12793,48
1541130532120,229.876,-143.758,5.12788,48
1541130532218,226.876,-143.759,5.12789,48
1541130532317,223.876,-143.758,5.12789,48
1541130532421,220.875,-143.758,5.12788,48
1541130532518,217.875,-143.758,5.12789,48
1541130532616,214.875,-143.758,5.12787,48
1541130532718,211.875,-143.758,5.12785,48
1541130532818,208.875,-143.758,5.12785,48
1541130532917,205.875,-143.758,5.12782,48
1541130533017,202.875,-143.758,5.1278,48
1541130533119,199.875,-143.758,5.12779,48
1541130533217,196.875,-143.758,5.12777,48
1541130533318,193.875,-143.758,5.12777,48
1541130533419,190.875,-143.758,5.12775,48
1541130533516,187.875,-143.758,5.12772,48
1541130533618,184.875,-143.758,5.1277,48
1541130533718,181.875,-143.758,5.12769,48
1541130533819,178.875,-143.758,5.12764,48
1541130533918,175.875,-143.758,5.1276,48
1541130534018,172.875,-143.758,5.12757,48
1541130534125,169.875,-143.758,5.12757,48
1541130534227,166.275,-143.758,5.12756,48
1541130534324,164.115,-143.758,5.12759,48
1541130534423,161.955,-143.758,5.12758,48
1541130534524,160.395,-143.758,5.12756,48
1541130534623,159.435,-143.758,5.12754,48
1541130534723,159.075,-143.758,5.12756,48
1541130534824,159.315,-143.758,5.12758,48
1541130534925,160.155,-143.758,5.12756,48
1541130535023,161.595,-143.758,5.12755,48
1541130535126,163.635,-143.758,5.1275,48
1541130535226,166.875,-143.758,5.12751,48
1541130535322,169.275,-143.758,5.12749,48
1541130535425,172.275,-143.758,5.12744,48
1541130535525,175.875,-143.758,5.12737,48
1541130535617,178.275,-143.758,5.12735,48
1541130535719,181.275,-143.758,5.1273,48
1541130535816,184.275,-143.758,5.12729,48
1541130535920,187.275,-143.758,5.12725,48
1541130536018,190.275,-143.758,5.12722,48
1541130536117,193.275,-143.758,5.1272,48
1541130536218,196.275,-143.758,5.1272,48
1541130536317,199.275,-143.758,5.1272,48
1541130536419,202.275,-143.758,5.1272,48
1541130536517,205.275,-143.758,5.12718,48
1541130536619,208.275,-143.758,5.1272,48
1541130536718,211.275,-143.758,5.12723,48
1541130536815,214.275,-143.758,5.12727,48
1541130536917,217.275,-143.758,5.12727,48
1541130537019,220.275,-143.758,5.12727,48
1541130537117,223.275,-143.758,5.12728,48
1541130537226,226.875,-143.758,5.12725,48
1541130537317,229.275,-143.758,5.12726,48
1541130537415,232.275,-143.758,5.12727,48
1541130537519,235.275,-143.758,5.12727,48
1541130537617,238.275,-143.758,5.12729,48
1541130537718,241.275,-143.758,5.1273,48
1541130537816,244.275,-143.758,5.1273,48
1541130537920,247.275,-143.758,5.1273,48
1541130538017,250.275,-143.758,5.1273,48
1541130538117,253.275,-143.758,5.12731,48
1541130538224,256.275,-143.758,5.1273,48
1541130538323,259.275,-143.758,5.12729,48
1541130538423,262.203,-143.758,5.12727,48
1541130538523,264.603,-143.758,5.12724,48
1541130538622,266.403,-143.758,5.12722,48
1541130538718,267.603,-143.758,5.12723,48
1541130538819,268.203,-143.758,5.12722,48
1541130538918,268.275,-143.758,5.12723,48
1541130539017,268.275,-143.758,5.12714,48
1541130539115,268.275,-143.758,5.12711,48
1541130539218,268.275,-143.758,5.12711,48
1541130539321,268.275,-143.758,5.12711,48
1541130539416,268.275,-143.758,5.12711,48
1541130539518,268.275,-143.758,5.12711,48
1541130539627,268.275,-143.758,5.12711,48
1541130539722,268.275,-143.758,5.12711,48
1541130539826,268.275,-143.758,5.12711,48
1541130539925,268.203,-143.758,5.12711,48
1541130540026,267.411,-143.758,5.12713,48
1541130540126,266.091,-143.758,5.1271,48
1541130540223,264.603,-143.758,5.12711,48
1541130540317,262.203,-143.758,5.12714,48
1541130540419,259.275,-143.758,5.12711,48
1541130540519,256.275,-143.758,5.1271,48
1541130540618,253.274,-143.758,5.12708,48
1541130540717,250.274,-143.758,5.12707,48
1541130540819,247.274,-143.758,5.12704,48
1541130540918,244.274,-143.758,5.12707,48
1541130541017,241.274,-143.758,5.12708,48
1541130541119,238.274,-143.758,5.12709,48
1541130541225,235.274,-143.758,5.12709,48
1541130541318,232.274,-143.758,5.12709,48
1541130541426,228.674,-143.758,5.12711,48
1541130541522,226.274,-143.758,5.12711,48
1541130541623,223.345,-143.758,5.12712,48
1541130541721,220.945,-143.758,5.12713,48
1541130541824,219.145,-143.758,5.12712,48
1541130541927,217.945,-143.758,5.12711,48
1541130542016,217.345,-143.758,5.12713,48
1541130542118,217.273,-143.758,5.12713,48
1541130542218,217.273,-143.758,5.12713,48
1541130542318,217.273,-143.758,5.12713,48
1541130542420,217.273,-143.758,5.12713,48
1541130542518,217.273,-143.758,5.12713,48
1541130542625,217.273,-143.758,5.12713,48
1541130542722,217.273,-143.758,5.12713,48
1541130542822,217.273,-143.758,5.12713,48
1541130542923,217.273,-143.758,5.12713,48
1541130543023,217.273,-143.758,5.12713,48
1541130543124,217.273,-143.758,5.12713,48
1541130543225,217.273,-143.758,5.12713,48
1541130543325,217.273,-143.758,5.12713,48
1541130543425,217.345,-143.758,5.12714,48
1541130543525,217.777,-143.758,5.12714,48
1541130543626,218.857,-143.758,5.12711,48
1541130543724,220.537,-143.758,5.12713,48
1541130543825,222.817,-143.758,5.12708,48
1541130543922,225.673,-143.758,5.1271,48
1541130544018,228.673,-143.758,5.12709,48
1541130544117,231.673,-143.758,5.12707,48
1541130544217,234.673,-143.758,5.12707,48
1541130544317,237.673,-143.758,5.12711,48
1541130544418,240.673,-143.758,5.12714,48
1541130544519,243.673,-143.758,5.12717,48
1541130544617,246.673,-143.758,5.12715,48
1541130544721,249.673,-143.758,5.12714,48
1541130544818,252.673,-143.758,5.12708,48
1541130544918,255.673,-143.758,5.12708,48
1541130545020,258.673,-143.758,5.12708,48
1541130545118,261.673,-143.758,5.12707,48
1541130545220,264.673,-143.758,5.12706,48
1541130545317,267.673,-143.758,5.12705,48
1541130545427,271.273,-143.758,5.12707,48
1541130545525,273.649,-143.758,5.12708,48
1541130545624,276.169,-143.758,5.12705,48
1541130545723,278.089,-143.758,5.12709,48
1541130545823,279.409,-143.758,5.12709,48
1541130545926,280.201,-143.758,5.1271,48
1541130546024,280.248,-143.758,5.1271,48
1541130546122,279.768,-143.758,5.12709,48
1541130546226,278.4,-143.758,5.12711,48
1541130546324,277.008,-143.758,5.12714,48
1541130546425,274.2,-143.758,5.12713,48
1541130546523,271.872,-143.758,5.12712,48
1541130546626,268.272,-143.758,5.12709,48
1541130546718,265.872,-143.758,5.12708,48
1541130546820,262.872,-143.758,5.1271,48
1541130546919,259.872,-143.758,5.12711,48
1541130547018,256.872,-143.758,5.12708,48
1541130547118,253.871,-143.758,5.12711,48
1541130547218,250.871,-143.758,5.12707,48
1541130547318,247.871,-143.758,5.12709,48
1541130547419,244.871,-143.758,5.12714,48
1541130547517,241.871,-143.758,5.12714,48
1541130547626,238.871,-143.758,5.12713,48
1541130547724,235.871,-143.758,5.12713,48
1541130547825,233.111,-143.758,5.12711,48
1541130547927,230.591,-143.758,5.12714,48
1541130548027,229.391,-143.758,5.12716,48
1541130548123,228.431,-143.758,5.12716,48
1541130548223,228.071,-143.757,5.12715,48
1541130548323,228.071,-143.757,5.12718,48
1541130548425,228.311,-143.757,5.12717,48
1541130548526,229.391,-143.757,5.12717,48
1541130548624,230.591,-143.757,5.12715,48
1541130548723,232.631,-143.757,5.12716,48
1541130548825,235.271,-143.757,5.12714,48
1541130548915,238.271,-143.757,5.12712,48
1541130549018,241.271,-143.757,5.12714,48
1541130549118,244.271,-143.758,5.12713,48
1541130549224,247.271,-143.758,5.12711,48
1541130549324,250.27,-143.757,5.12711,48
1541130549423,253.27,-143.757,5.12711,48
1541130549523,256.27,-143.757,5.12707,48
1541130549624,259.03,-143.757,5.12711,48
1541130549725,261.55,-143.757,5.12712,48
1541130549822,262.75,-143.757,5.12711,48
1541130549923,263.71,-143.757,5.12709,48
1541130550023,264.07,-143.757,5.12708,48
1541130550122,263.83,-143.757,5.12705,48
1541130550227,262.75,-143.757,5.12709,48
1541130550321,261.55,-143.757,5.12709,48
1541130550425,259.03,-143.757,5.12708,48
1541130550517,256.87,-143.757,5.12706,48
1541130550624,253.87,-143.757,5.12703,48
1541130550716,250.87,-143.757,5.12702,48
1541130550820,247.87,-143.757,5.12703,48
1541130550918,244.87,-143.757,5.12705,48
1541130551024,241.869,-143.757,5.12704,48
1541130551120,238.869,-143.757,5.12706,48
1541130551216,235.869,-143.757,5.12705,48
1541130551317,232.869,-143.757,5.12707,48
1541130551416,229.869,-143.757,5.12708,48
1541130551520,226.869,-143.757,5.12711,48
1541130551617,223.869,-143.757,5.1271,48
1541130551719,220.869,-143.757,5.12709,48
1541130551826,217.269,-143.757,5.12711,48
1541130551922,214.869,-143.757,5.1271,48
1541130552023,212.109,-143.757,5.12711,48
1541130552122,209.949,-143.757,5.12708,48
1541130552224,208.389,-143.757,5.12709,48
1541130552323,207.429,-143.757,5.12711,48
1541130552426,207.069,-143.757,5.12711,48
1541130552525,207.069,-143.757,5.12713,48
1541130552626,207.069,-143.757,5.12713,48
1541130552720,207.069,-143.757,5.12713,48
1541130552818,207.069,-143.757,5.12713,48
1541130552916,207.069,-143.757,5.12713,48
1541130553017,207.069,-143.757,5.12713,48
1541130553119,207.069,-143.757,5.12713,48
1541130553219,207.069,-143.757,5.12713,48
1541130553318,207.069,-143.757,5.12713,48
1541130553420,207.069,-143.757,5.12713,48
1541130553519,207.069,-143.757,5.12713,48
1541130553618,207.069,-143.757,5.12713,48
1541130553720,207.069,-143.757,5.12713,48
1541130553818,207.069,-143.757,5.12713,48
1541130553917,207.069,-143.757,5.12713,48
1541130554018,207.069,-143.757,5.12713,48
1541130554118,207.069,-143.757,5.12713,48
1541130554217,207.069,-143.757,5.12713,48
1541130554318,207.069,-143.757,5.12713,48
1541130554417,207.069,-143.757,5.12713,48
1541130554517,207.069,-143.757,5.12713,48
1541130554624,207.069,-143.757,5.12713,48
1541130554720,207.069,-143.757,5.12713,48
1541130554822,207.069,-143.757,5.12713,48
1541130554921,207.069,-143.757,5.12713,48
1541130555026,207.069,-143.757,5.12713,48
1541130555125,207.069,-143.757,5.12713,48
1541130555225,207.069,-143.757,5.12713,48
1541130555325,207.069,-143.757,5.12713,48
1541130555424,207.069,-143.757,5.12713,48
1541130555525,207.069,-143.757,5.12713,48
1541130555626,207.069,-143.997,5.12714,48
1541130555723,207.069,-144.837,5.12714,48
1541130555826,207.069,-146.637,5.12708,48
1541130555923,207.068,-148.317,5.12707,48
1541130556016,207.068,-150.957,5.12711,48
1541130556118,207.068,-153.957,5.12712,48
1541130556218,207.068,-156.957,5.12712,48
1541130556318,207.068,-159.957,5.12714,48
1541130556417,207.069,-162.957,5.12716,48
1541130556515,207.069,-165.957,5.12716,48
1541130556618,207.069,-168.957,5.12714,48
1541130556715,207.069,-171.957,5.12713,48
1541130556825,207.069,-175.557,5.1271,48
1541130556925,207.069,-177.957,5.12709,48
1541130557017,207.069,-180.957,5.1271,48
1541130557118,207.069,-183.957,5.12708,48
1541130557218,207.069,-186.957,5.12709,48
1541130557325,207.069,-190.557,5.1271,48
1541130557417,207.069,-192.958,5.1271,48
1541130557526,207.069,-196.558,5.12711,48
1541130557617,207.069,-198.958,5.12709,48
1541130557722,207.069,-201.958,5.12711,48
1541130557824,207.069,-204.886,5.12708,48
1541130557924,207.069,-207.693,5.12708,48
1541130558025,207.069,-209.085,5.12709,48
1541130558125,207.069,-210.285,5.12709,48
1541130558222,207.069,-210.885,5.12706,48
1541130558325,207.069,-210.885,5.12704,48
1541130558425,207.069,-210.285,5.12705,48
1541130558515,207.069,-209.085,5.12706,48
1541130558618,207.069,-207.285,5.12701,48
1541130558718,207.069,-204.885,5.12704,48
1541130558821,207.069,-201.957,5.12707,48
1541130558919,207.069,-198.957,5.12711,48
1541130559016,207.069,-195.957,5.12712,48
1541130559119,207.069,-192.957,5.12714,48
1541130559219,207.069,-189.957,5.12712,48
1541130559321,207.069,-186.957,5.1271,48
1541130559418,207.069,-183.957,5.12711,48
1541130559518,207.069,-180.957,5.12714,48
1541130559619,207.069,-177.957,5.12715,48
1541130559717,207.069,-174.957,5.12714,48
1541130559818,207.069,-171.957,5.12714,48
1541130559917,207.069,-168.957,5.12713,48
1541130560017,207.069,-165.957,5.12715,48
1541130560118,207.069,-162.957,5.12722,48
1541130560219,207.069,-159.957,5.12724,48
1541130560317,207.069,-156.957,5.12726,48
1541130560418,207.069,-153.957,5.12722,48
1541130560520,207.069,-150.957,5.12721,48
1541130560619,207.069,-147.957,5.12717,48
1541130560722,207.069,-144.957,5.12717,48
1541130560819,207.069,-141.957,5.12716,48
1541130560917,207.069,-138.957,5.1272,48
1541130561019,207.069,-135.957,5.12723,48
1541130561117,207.069,-132.956,5.12724,48
1541130561217,207.069,-129.956,5.12719,48
1541130561319,207.069,-126.956,5.12714,48
1541130561425,207.069,-123.356,5.12713,48
1541130561524,207.069,-120.956,5.12714,48
1541130561622,207.069,-118.196,5.12716,48
1541130561726,207.069,-115.676,5.12715,48
1541130561825,207.069,-114.236,5.12715,48
1541130561925,207.068,-113.516,5.1271,48
1541130562017,207.068,-113.156,5.12706,48
1541130562125,207.068,-113.156,5.12706,48
1541130562225,207.068,-113.156,5.12706,48
1541130562319,207.068,-113.156,5.12706,48
1541130562424,207.068,-112.796,5.12702,48
1541130562522,207.068,-112.076,5.12703,48
1541130562624,207.068,-110.276,5.12701,48
1541130562725,207.068,-108.596,5.12698,48
1541130562823,207.068,-105.956,5.12692,48
1541130562917,207.068,-102.956,5.1269,48
1541130563019,207.068,-99.9564,5.12684,48
1541130563116,207.068,-96.9564,5.12679,48
1541130563221,207.068,-93.9564,5.12672,48
1541130563317,207.068,-90.9564,5.1267,48
1541130563418,207.068,-87.9564,5.12664,48
1541130563517,207.068,-84.9564,5.12662,48
1541130563616,207.068,-81.9564,5.12663,48
1541130563719,207.068,-78.9564,5.12663,48
1541130563817,207.068,-75.9564,5.12657,48
1541130563918,207.068,-72.9564,5.12655,48
1541130564016,207.068,-69.9565,5.12653,48
1541130564118,207.068,-66.9565,5.12653,48
1541130564219,207.068,-63.9565,5.12654,48
1541130564320,207.068,-60.9565,5.12655,48
1541130564419,207.068,-57.9565,5.12659,48
1541130564517,207.068,-54.9565,5.12659,48
1541130564617,207.068,-51.9565,5.12662,48
1541130564718,207.068,-48.9565,5.12662,48
1541130564817,207.068,-45.9565,5.12663,48
1541130564917,207.068,-42.9565,5.12664,48
1541130565020,207.068,-39.9565,5.12664,48
1541130565117,207.068,-36.9565,5.12661,48
1541130565218,207.068,-33.9565,5.12663,48
1541130565317,207.068,-30.9565,5.12659,48
1541130565418,207.068,-27.9565,5.1266,48
1541130565519,207.068,-24.9565,5.12663,48
1541130565617,207.068,-21.9565,5.12668,48
1541130565720,207.068,-18.9565,5.12665,48
1541130565817,207.068,-15.9565,5.12665,48
1541130565920,207.068,-12.9565,5.12667,48
1541130566016,207.068,-9.9565,5.12668,48
1541130566121,207.068,-6.9565,5.12666,48
1541130566217,207.068,-3.9565,5.12666,48
1541130566316,207.068,-0.956496,5.12667,48
1541130566420,207.068,2.0435,5.12668,48
1541130566518,207.068,5.0435,5.1267,48
1541130566618,207.068,8.0435,5.12673,48
1541130566717,207.068,11.0435,5.12672,48
1541130566822,207.068,14.0435,5.12672,48
1541130566924,207.068,17.0435,5.12678,48
1541130567025,207.068,20.6435,5.12682,48
1541130567126,207.068,23.6435,5.12681,48
1541130567224,207.068,26.0435,5.12679,48
1541130567325,207.068,29.0435,5.12679,48
1541130567424,207.068,32.6435,5.12683,48
1541130567521,207.068,35.0435,5.12683,48
1541130567616,207.068,38.0435,5.12684,48
1541130567719,207.068,41.0435,5.12685,48
1541130567818,207.068,44.0435,5.12685,48
1541130567919,207.068,47.0435,5.12682,48
1541130568018,207.068,50.0435,5.12682,48
1541130568117,207.068,53.0435,5.12684,48
1541130568219,207.068,56.0435,5.12682,48
1541130568318,207.068,59.0434,5.12681,48
1541130568417,207.068,62.0434,5.12682,48
1541130568518,207.068,65.0434,5.12679,48
1541130568617,207.068,68.0434,5.12674,48
1541130568718,207.068,71.0434,5.12672,48
1541130568816,207.069,74.0434,5.12672,48
1541130568916,207.069,77.0434,5.1267,48
1541130569019,207.069,80.0434,5.12669,48
1541130569119,207.069,83.0434,5.12671,48
1541130569220,207.069,86.0433,5.12668,48
1541130569318,207.068,89.0433,5.12663,48
1541130569417,207.068,92.0433,5.1266,48
1541130569520,207.068,95.0433,5.12655,48
1541130569616,207.069,98.0433,5.12651,48
1541130569718,207.069,101.043,5.12648,48
1541130569819,207.069,104.043,5.12644,48
1541130569917,207.069,107.043,5.12641,48
1541130570017,207.069,110.043,5.12632,48
1541130570119,207.069,113.043,5.12629,48
1541130570220,207.068,116.043,5.12626,48
1541130570317,207.068,119.043,5.12622,48
1541130570417,207.068,122.043,5.12617,48
1541130570519,207.068,125.043,5.12613,48
1541130570618,207.068,128.043,5.12608,48
1541130570719,207.068,131.043,5.12608,48
1541130570817,207.068,134.043,5.12607,48
1541130570917,207.068,137.043,5.12601,48
1541130571018,207.068,140.043,5.12602,48
1541130571117,207.068,143.043,5.12605,48
1541130571219,207.068,146.043,5.12608,48
1541130571317,207.068,149.043,5.12608,48
1541130571417,207.068,152.043,5.12606,48
1541130571517,207.068,155.043,5.12602,48
1541130571617,207.068,158.043,5.12601,48
1541130571719,207.068,161.043,5.12601,48
1541130571820,207.068,164.043,5.12598,48
1541130571926,207.068,167.643,5.12596,48
1541130572023,207.068,170.043,5.12598,48
1541130572123,207.068,172.971,5.12602,48
1541130572223,207.068,175.371,5.12604,48
1541130572323,207.068,177.171,5.12605,48
1541130572426,207.068,178.372,5.12604,48
1541130572526,207.068,179.452,5.12603,48
1541130572625,207.068,181.132,5.12603,48
1541130572726,207.068,183.94,5.12603,48
1541130572818,207.068,186.268,5.12603,48
1541130572917,207.068,189.268,5.12601,48
1541130573016,207.068,192.268,5.12599,48
1541130573118,207.068,195.268,5.126,48
1541130573216,207.068,198.268,5.12598,48
1541130573326,207.068,201.868,5.12593,48
1541130573422,207.068,204.268,5.12595,48
1541130573525,207.068,207.796,5.12598,48
1541130573623,207.068,209.764,5.12592,48
1541130573723,207.068,211.684,5.12593,48
1541130573826,207.068,213.196,5.12596,48
1541130573922,207.068,213.724,5.1259,48
1541130574025,207.068,213.868,5.12591,48
1541130574126,207.068,213.868,5.1259,48
1541130574225,207.068,213.892,5.12591,48
1541130574325,207.068,214.228,5.12595,48
1541130574426,207.068,215.452,5.12594,48
1541130574521,207.068,216.748,5.12592,48
1541130574616,207.068,218.908,5.12594,48
1541130574717,207.068,221.668,5.12593,48
1541130574818,207.068,224.668,5.12592,48
1541130574926,207.068,228.268,5.12592,48
1541130575023,207.068,230.668,5.12592,48
1541130575125,207.068,233.596,5.12598,48
1541130575225,207.068,236.404,5.12598,48
1541130575325,207.068,238.084,5.126,48
1541130575418,207.068,238.996,5.12602,48
1541130575516,207.068,239.596,5.126,48
1541130575619,207.068,239.668,5.12598,48
1541130575722,207.068,239.668,5.12598,48
1541130575825,207.068,239.668,5.12598,48
1541130575921,207.068,239.668,5.12598,48
1541130576024,207.068,239.74,5.12597,48
1541130576125,207.068,240.34,5.126,48
1541130576223,207.068,241.252,5.12598,48
1541130576322,207.068,242.932,5.12595,48
1541130576423,207.068,245.212,5.12593,48
1541130576516,207.068,248.068,5.12593,48
1541130576622,207.068,251.068,5.12593,48
1541130576725,207.068,254.068,5.12593,48
1541130576824,207.068,257.308,5.12592,48
1541130576926,207.068,258.988,5.12593,48
1541130577023,207.068,260.549,5.12592,48
1541130577125,207.068,261.509,5.12595,48
1541130577226,207.068,261.869,5.12591,48
1541130577324,207.068,261.725,5.12591,48
1541130577424,207.068,261.197,5.12592,48
1541130577522,207.067,259.997,5.12593,48
1541130577624,207.067,258.197,5.12596,48
1541130577726,207.067,255.245,5.126,48
1541130577825,207.067,252.269,5.12602,48
1541130577921,207.067,249.869,5.12603,48
1541130578015,207.067,246.869,5.12603,48
1541130578118,207.067,243.869,5.12601,48
1541130578216,207.067,240.869,5.12601,48
1541130578316,207.067,237.869,5.12601,48
1541130578418,207.067,234.869,5.126,48
1541130578520,207.067,231.869,5.12603,48
1541130578617,207.067,228.869,5.12605,48
1541130578718,207.067,225.869,5.12611,48
1541130578818,207.067,222.869,5.12611,48
1541130578917,207.067,219.869,5.12611,48
1541130579019,207.067,216.869,5.12611,48
1541130579118,207.067,213.869,5.12609,48
1541130579217,207.067,210.869,5.12606,48
1541130579316,207.067,207.869,5.12605,48
1541130579417,207.067,204.869,5.12601,48
1541130579519,207.067,201.869,5.12599,48
1541130579620,207.067,198.869,5.12598,48
1541130579718,207.067,195.869,5.12597,48
1541130579819,207.067,192.869,5.12592,48
1541130579919,207.067,189.869,5.12593,48
1541130580017,207.067,186.869,5.12598,48
1541130580117,207.067,183.869,5.12599,48
1541130580220,207.067,180.869,5.12598,48
1541130580318,207.067,177.869,5.12599,48
1541130580417,207.067,174.868,5.12601,48
1541130580518,207.067,171.868,5.12604,48
1541130580617,207.067,168.868,5.12602,48
1541130580717,207.067,165.868,5.12604,48
1541130580818,207.067,162.868,5.12604,48
1541130580920,207.067,159.868,5.12601,48
1541130581019,207.068,156.868,5.12602,48
1541130581115,207.068,153.868,5.12603,48
1541130581217,207.067,150.868,5.12601,48
1541130581319,207.067,147.868,5.12601,48
1541130581417,207.067,144.868,5.12604,48
1541130581518,207.067,141.868,5.12606,48
1541130581618,207.067,138.868,5.12605,48
1541130581718,207.067,135.868,5.12605,48
1541130581816,207.067,132.868,5.12605,48
1541130581918,207.067,129.868,5.12604,48
1541130582017,207.067,126.868,5.12603,48
1541130582118,207.067,123.868,5.12602,48
1541130582221,207.067,120.868,5.12601,48
1541130582316,207.067,117.868,5.12601,48
1541130582418,207.067,114.868,5.12598,48
1541130582517,207.067,111.868,5.12593,48
1541130582617,207.067,108.868,5.12588,48
1541130582718,207.067,105.868,5.12585,48
1541130582817,207.067,102.868,5.12583,48
1541130582917,207.067,99.868,5.12583,48
1541130583017,207.067,96.868,5.12582,48
1541130583120,207.067,93.868,5.12579,48
1541130583218,207.067,90.868,5.12575,48
1541130583319,207.067,87.868,5.12574,48
1541130583416,207.067,84.868,5.12573,48
1541130583520,207.067,81.8681,5.12569,48
1541130583617,207.067,78.8681,5.12569,48
1541130583716,207.067,75.8681,5.12566,48
1541130583817,207.067,72.8681,5.12566,48
1541130583918,207.067,69.8681,5.12567,48
1541130584019,207.067,66.8681,5.12563,48
1541130584117,207.067,63.8681,5.12566,48
1541130584217,207.067,60.8681,5.12567,48
1541130584316,207.067,57.8681,5.12566,48
1541130584415,207.067,54.8681,5.12565,48
1541130584517,207.067,51.8681,5.12565,48
1541130584616,207.067,48.8682,5.12566,48
1541130584720,207.067,45.8682,5.12565,48
1541130584817,207.067,42.8682,5.12566,48
1541130584919,207.067,39.8682,5.12566,48
1541130585018,207.067,36.8681,5.12575,48
1541130585119,207.067,33.8681,5.12575,48
1541130585217,207.067,30.8682,5.12575,48
1541130585317,207.067,27.8682,5.12574,48
1541130585418,207.067,24.8681,5.12574,48
1541130585517,207.067,21.8682,5.12573,48
1541130585616,207.067,18.8681,5.12578,48
1541130585716,207.067,15.8681,5.12582,48
1541130585817,207.067,12.8681,5.12586,48
1541130585919,207.067,9.86812,5.12586,48
1541130586017,207.067,6.86812,5.12587,48
1541130586120,207.067,3.86812,5.1259,48
1541130586216,207.067,0.868121,5.1259,48
1541130586318,207.067,-2.13188,5.1259,48
1541130586417,207.067,-5.13188,5.12593,48
1541130586517,207.067,-8.13188,5.12595,48
1541130586616,207.066,-11.1319,5.12594,48
1541130586716,207.066,-14.1319,5.12598,48
1541130586816,207.067,-17.1319,5.126,48
1541130586918,207.066,-20.1319,5.12605,48
1541130587018,207.067,-23.1319,5.12605,48
1541130587117,207.066,-26.1319,5.12606,48
1541130587219,207.066,-29.1319,5.12609,48
1541130587318,207.066,-32.1319,5.12609,48
1541130587418,207.066,-35.1319,5.12606,48
1541130587517,207.066,-38.1318,5.12608,48
1541130587616,207.067,-41.1318,5.12606,48
1541130587719,207.067,-44.1318,5.12605,48
1541130587817,207.067,-47.1318,5.12604,48
1541130587920,207.067,-50.1318,5.12605,48
1541130588017,207.067,-53.1318,5.12603,48
1541130588120,207.067,-56.1318,5.12603,48
1541130588218,207.067,-59.1318,5.12605,48
1541130588319,207.067,-62.1318,5.12605,48
1541130588417,207.067,-65.1318,5.12608,48
1541130588519,207.067,-68.1318,5.12605,48
1541130588619,207.067,-71.1318,5.12602,48
1541130588717,207.067,-74.1318,5.12605,48
1541130588817,207.067,-77.1318,5.12607,48
1541130588918,207.067,-80.1318,5.12606,48
1541130589017,207.067,-83.1317,5.12604,48
1541130589119,207.067,-86.1317,5.12598,48
1541130589218,207.067,-89.1317,5.12598,48
1541130589317,207.067,-92.1317,5.12594,48
1541130589418,207.067,-95.1317,5.1259,48
1541130589525,207.067,-98.1317,5.12585,48
1541130589622,207.067,-101.132,5.12582,48
1541130589723,207.067,-104.132,5.1258,48
1541130589816,207.067,-107.132,5.1258,48
1541130589923,207.067,-110.132,5.12579,48
1541130590026,207.066,-113.732,5.12574,48
1541130590122,207.066,-116.132,5.12566,48
1541130590223,207.066,-119.132,5.12567,48
1541130590324,207.066,-122.132,5.12569,48
1541130590423,207.066,-125.108,5.12567,48
1541130590524,207.066,-127.628,5.12564,48
1541130590624,207.066,-129.548,5.12563,48
1541130590722,207.066,-130.868,5.12564,48
1541130590821,207.066,-131.588,5.12563,48
1541130590922,207.066,-131.732,5.12563,48
1541130591025,207.066,-131.876,5.12562,48
1541130591123,207.066,-132.404,5.1256,48
1541130591224,207.066,-133.916,5.12559,48
1541130591326,207.066,-135.836,5.12556,48
1541130591426,207.066,-137.804,5.12554,48
1541130591520,207.066,-140.732,5.12553,48
1541130591619,207.066,-143.732,5.12555,48
1541130591720,207.066,-146.732,5.12556,48
1541130591819,207.066,-149.732,5.12557,48
1541130591918,207.066,-152.732,5.12558,48
1541130592018,207.066,-155.732,5.1256,48
1541130592122,207.066,-158.732,5.12561,48
1541130592226,207.065,-162.332,5.12562,48
1541130592323,207.066,-164.732,5.12559,48
1541130592425,207.066,-168.332,5.12557,48
1541130592523,207.066,-170.732,5.12558,48
1541130592625,207.066,-173.732,5.12557,48
1541130592727,207.066,-176.972,5.12559,48
1541130592825,207.066,-179.012,5.12556,48
1541130592925,207.066,-180.212,5.12556,48
1541130593022,207.066,-181.172,5.12558,48
1541130593126,207.066,-181.532,5.12561,48
1541130593225,207.066,-181.532,5.12562,48
1541130593324,207.066,-181.532,5.12562,48
1541130593424,207.066,-181.34,5.12565,48
1541130593528,207.066,-181.34,5.12564,48
1541130593625,207.066,-181.34,5.12564,48
1541130593723,207.066,-181.268,5.12564,48
1541130593825,207.066,-180.668,5.12562,48
1541130593926,207.066,-179.156,5.12559,48
1541130594025,207.066,-177.236,5.1256,48
1541130594125,207.066,-174.716,5.12562,48
1541130594225,207.066,-171.74,5.1256,48
1541130594321,207.066,-169.34,5.12562,48
1541130594415,207.066,-166.34,5.1256,48
1541130594520,207.066,-163.34,5.12561,48
1541130594618,207.066,-160.34,5.1256,48
1541130594720,207.066,-157.34,5.1256,48
1541130594819,207.066,-154.34,5.12559,48
1541130594918,207.066,-151.34,5.12558,48
1541130595017,207.066,-148.34,5.12555,48
1541130595116,207.066,-145.34,5.12557,48
1541130595218,207.066,-142.339,5.12554,48
1541130595316,207.066,-139.339,5.12555,48
1541130595418,207.066,-136.339,5.12559,48
1541130595517,207.066,-133.339,5.1256,48
1541130595618,207.066,-130.339,5.1256,48
1541130595718,207.066,-127.339,5.12559,48
1541130595821,207.066,-124.339,5.12557,48
1541130595919,207.066,-121.339,5.12553,48
1541130596021,207.066,-118.339,5.1255,48
1541130596117,207.066,-115.339,5.12548,48
1541130596218,207.066,-112.339,5.12547,48
1541130596321,207.066,-109.339,5.12543,48
1541130596418,207.066,-106.339,5.12538,48
1541130596517,207.065,-103.339,5.1254,48
1541130596616,207.065,-100.339,5.12537,48
1541130596718,207.065,-97.3393,5.12532,48
1541130596819,207.066,-94.3393,5.12527,48
1541130596916,207.065,-91.3393,5.12524,48
1541130597018,207.066,-88.3394,5.12525,48
1541130597119,207.066,-85.3394,5.12521,48
1541130597218,207.066,-82.3394,5.12517,48
1541130597318,207.066,-79.3394,5.12514,48
1541130597416,207.066,-76.3394,5.12513,48
1541130597517,207.066,-73.3394,5.12509,48
1541130597620,207.066,-70.3395,5.12506,48
1541130597716,207.066,-67.3395,5.12505,48
1541130597817,207.066,-64.3395,5.12504,48
1541130597920,207.066,-61.3395,5.12504,48
1541130598019,207.066,-58.3395,5.12502,48
1541130598120,207.066,-55.3395,5.12502,48
1541130598219,207.066,-52.3395,5.12503,48
1541130598320,207.066,-49.3395,5.12507,48
1541130598416,207.066,-46.3395,5.12509,48
1541130598516,207.066,-43.3395,5.12508,48
1541130598619,207.066,-40.3395,5.12513,48
1541130598718,207.066,-37.3395,5.12513,48
1541130598817,207.066,-34.3395,5.1251,48
1541130598918,207.066,-31.3395,5.12511,48
1541130599019,207.066,-28.3395,5.1251,48
1541130599118,207.066,-25.3395,5.12509,48
1541130599217,207.066,-22.3395,5.12511,48
1541130599318,207.066,-19.3395,5.12507,48
1541130599417,207.066,-16.3395,5.1251,48
1541130599518,207.066,-13.3395,5.12511,48
1541130599618,207.066,-10.3395,5.1251,48
1541130599718,207.066,-7.33952,5.12511,48
1541130599818,207.066,-4.33952,5.12518,48
1541130599918,207.065,-1.33951,5.12521,48
1541130600016,207.065,1.66048,5.12521,48
1541130600118,207.065,4.66048,5.12521,48
1541130600218,207.065,7.66049,5.1252,48
1541130600316,207.065,10.6605,5.12522,48
1541130600418,207.065,13.6605,5.12525,48
1541130600518,207.065,16.6605,5.12526,48
1541130600617,207.065,19.6605,5.12524,48
1541130600719,207.065,22.6605,5.12524,48
1541130600818,207.065,25.6605,5.12526,48
1541130600917,207.065,28.6605,5.12523,48
1541130601019,207.065,31.6605,5.12523,48
1541130601118,207.065,34.6605,5.12526,48
1541130601220,207.065,37.6605,5.12527,48
1541130601317,207.065,40.6605,5.12531,48
1541130601418,207.065,43.6605,5.12531,48
1541130601518,207.065,46.6604,5.12533,48
1541130601619,207.065,49.6604,5.12535,48
1541130601718,207.065,52.6604,5.12536,48
1541130601817,207.065,55.6604,5.12535,48
1541130601918,207.065,58.6604,5.12531,48
1541130602018,207.065,61.6604,5.12531,48
1541130602117,207.065,64.6604,5.1253,48
1541130602220,207.065,67.6604,5.12529,48
1541130602318,207.065,70.6604,5.1253,48
1541130602420,207.066,73.6604,5.12529,48
1541130602517,207.065,76.6604,5.12525,48
1541130602617,207.066,79.6604,5.12521,48
1541130602716,207.065,82.6604,5.12521,48
1541130602816,207.066,85.6603,5.12518,48
1541130602916,207.066,88.6603,5.12518,48
1541130603018,207.066,91.6603,5.12514,48
1541130603118,207.066,94.6603,5.1251,48
1541130603226,207.066,98.2604,5.12508,48
1541130603326,207.066,101.236,5.12509,48
1541130603424,207.065,103.756,5.12505,48
1541130603525,207.065,105.676,5.12505,48
1541130603621,207.065,106.78,5.12504,48
1541130603723,207.065,107.62,5.12503,48
1541130603819,207.065,107.86,5.12504,48
1541130603917,207.065,107.86,5.12504,48
1541130604019,207.065,107.86,5.12504,48
1541130604117,207.065,107.86,5.12504,48
1541130604220,207.065,107.86,5.12504,48
1541130604317,207.065,107.86,5.12504,48
1541130604419,207.065,107.86,5.12504,48
1541130604517,207.065,107.86,5.12504,48
1541130604618,207.065,107.86,5.12504,48
1541130604715,207.065,107.86,5.12504,48
1541130604818,207.065,107.86,5.12504,48
1541130604917,207.065,107.86,5.12504,48
1541130605020,207.065,107.86,5.12504,48
1541130605119,207.065,107.86,5.12504,48
1541130605218,207.065,107.86,5.12504,48
1541130605317,207.065,107.86,5.12504,48
1541130605417,207.065,107.86,5.12504,48
1541130605518,207.065,107.86,5.12504,48
